{"accuracy": 0.82, "precision": 0.896551724137931, "recall": 0.8125, "f1": 0.8524590163934426, "cm": "rawwicorzk.png"}